hour_of_day,day_of_week,num_daily_meds,past_adherence_rate,hours_since_last_dose,is_weekend,is_morning,is_evening,adherent
6,4,2,0.75,11,0,1,0,1
10,6,4,0.78,0,1,1,0,0
21,2,1,0.96,9,0,0,1,0
19,3,5,0.72,7,0,0,1,0
16,2,2,0.47,23,0,0,0,0
20,3,1,0.79,7,0,0,1,0
11,2,3,0.42,8,0,1,0,0
17,5,5,0.82,22,1,0,0,0
22,3,5,0.74,0,0,0,1,0
20,1,2,0.68,11,0,0,1,1
6,6,2,0.67,16,1,1,0,0
22,5,1,0.3,6,1,0,1,0
21,3,1,0.49,18,0,0,1,0
10,6,3,0.39,23,1,1,0,0
21,4,5,0.95,14,0,0,1,0
12,0,2,0.34,21,0,0,0,0
12,3,4,0.59,7,0,0,0,0
12,0,4,0.99,14,0,0,0,0
20,0,4,0.41,14,0,0,1,0
23,5,2,0.58,19,1,0,0,0
11,0,3,0.73,1,0,1,0,1
14,3,3,0.85,5,0,0,0,0
7,4,5,0.57,17,0,1,0,0
13,2,4,0.75,23,0,0,0,0
13,2,2,0.54,15,0,0,0,0
20,2,5,0.8,23,0,0,1,0
16,4,5,0.66,16,0,0,0,0
15,3,2,0.39,24,0,0,0,0
14,2,5,0.69,1,0,0,0,0
12,4,3,0.67,10,0,0,0,0
18,3,5,0.59,17,0,0,1,0
15,4,2,0.52,12,0,0,0,0
10,5,1,0.95,12,1,1,0,0
13,2,4,0.37,20,0,0,0,0
9,3,5,0.62,18,0,1,0,0
17,3,1,0.87,14,0,0,0,0
19,6,4,0.47,16,1,0,1,0
12,3,3,0.95,16,0,0,0,0
9,4,2,0.6,19,0,1,0,1
9,2,1,0.5,17,0,1,0,0
22,3,3,0.44,11,0,0,1,0
22,1,1,0.87,24,0,0,1,0
23,3,2,0.6,15,0,0,0,0
9,5,2,0.59,2,1,1,0,0
6,0,2,0.71,1,0,1,0,1
9,5,2,0.61,23,1,1,0,0
23,0,3,0.97,19,0,0,0,1
18,2,4,0.47,10,0,0,1,0
15,0,4,0.91,1,0,0,0,0
9,2,5,0.87,14,0,1,0,1
6,5,5,0.44,24,1,1,0,0
9,0,5,0.75,5,0,1,0,0
7,2,3,0.93,0,0,1,0,1
22,4,4,0.84,3,0,0,1,0
15,4,1,0.44,8,0,0,0,0
9,5,1,0.56,4,1,1,0,1
12,4,3,0.41,13,0,0,0,0
20,1,4,0.82,2,0,0,1,0
22,3,4,0.99,21,0,0,1,0
17,1,5,0.7,6,0,0,0,0
19,1,4,0.68,14,0,0,1,0
6,2,3,0.95,15,0,1,0,0
23,0,4,1.0,2,0,0,0,0
7,4,3,0.47,1,0,1,0,1
23,6,3,0.8,4,1,0,0,0
8,0,3,0.45,2,0,1,0,1
14,4,1,0.68,3,0,0,0,0
6,0,3,0.76,23,0,1,0,1
12,1,3,0.9,16,0,0,0,0
14,6,3,0.56,9,1,0,0,0
22,1,5,0.81,15,0,0,1,0
8,5,4,0.51,2,1,1,0,0
13,2,5,0.99,23,0,0,0,0
6,3,1,0.58,10,0,1,0,0
21,3,5,0.59,5,0,0,1,0
19,2,3,0.71,11,0,0,1,0
11,4,3,0.51,11,0,1,0,1
7,2,4,0.57,24,0,1,0,0
6,0,2,0.54,12,0,1,0,0
7,0,4,0.82,23,0,1,0,0
11,0,4,0.62,23,0,1,0,1
16,6,5,0.84,10,1,0,0,0
9,1,1,0.88,14,0,1,0,1
15,6,2,0.86,20,1,0,0,0
15,3,2,0.36,9,0,0,0,0
17,4,5,0.41,0,0,0,0,0
8,4,1,0.65,1,0,1,0,1
6,5,1,0.76,5,1,1,0,0
19,2,4,0.86,5,0,0,1,0
14,5,2,0.98,4,1,0,0,0
11,6,4,0.7,2,1,1,0,0
21,3,3,0.52,15,0,0,1,0
7,0,3,0.48,0,0,1,0,0
7,3,5,0.81,19,0,1,0,0
22,2,5,0.7,21,0,0,1,0
13,1,5,0.81,17,0,0,0,0
9,0,3,0.38,24,0,1,0,1
12,1,5,0.54,10,0,0,0,0
10,2,3,0.51,0,0,1,0,0
9,0,2,0.85,4,0,1,0,1
22,5,3,0.75,9,1,0,1,0
17,5,3,0.93,11,1,0,0,0
15,1,3,0.47,18,0,0,0,0
8,0,5,0.97,15,0,1,0,1
18,1,4,0.35,24,0,0,1,0
16,2,3,0.64,5,0,0,0,0
21,3,2,0.62,20,0,0,1,0
22,2,1,0.61,9,0,0,1,0
11,6,1,0.9,9,1,1,0,0
19,5,5,0.52,3,1,0,1,0
22,2,4,0.79,12,0,0,1,0
21,3,3,0.89,13,0,0,1,0
19,4,5,0.38,4,0,0,1,0
23,0,2,0.4,18,0,0,0,0
15,1,5,0.55,13,0,0,0,0
11,1,4,0.42,10,0,1,0,0
16,6,5,0.91,14,1,0,0,0
8,4,4,0.9,10,0,1,0,0
10,1,1,0.3,24,0,1,0,0
10,1,1,0.49,7,0,1,0,1
14,0,4,0.97,24,0,0,0,0
15,3,2,0.41,19,0,0,0,0
17,4,3,0.81,7,0,0,0,0
17,6,3,0.77,1,1,0,0,0
13,0,4,0.36,1,0,0,0,0
16,0,3,0.88,13,0,0,0,0
14,0,5,0.67,17,0,0,0,0
9,3,2,0.48,16,0,1,0,0
11,4,1,0.74,22,0,1,0,0
14,1,5,0.52,5,0,0,0,0
6,6,1,0.33,9,1,1,0,0
15,2,3,0.61,23,0,0,0,0
12,0,3,0.52,8,0,0,0,0
22,1,5,0.45,6,0,0,1,0
18,6,1,0.51,0,1,0,1,0
14,4,1,0.79,24,0,0,0,0
21,6,1,0.43,16,1,0,1,0
16,5,1,0.54,6,1,0,0,0
12,5,1,0.95,14,1,0,0,0
19,1,3,0.37,6,0,0,1,0
21,0,1,0.41,1,0,0,1,0
12,5,3,0.63,5,1,0,0,0
16,1,2,0.6,16,0,0,0,0
11,2,2,0.66,0,0,1,0,1
22,6,1,0.37,3,1,0,1,0
15,6,4,0.96,7,1,0,0,0
6,2,3,0.61,7,0,1,0,0
23,4,1,0.35,14,0,0,0,0
11,4,2,0.71,3,0,1,0,1
21,3,5,0.85,23,0,0,1,0
12,4,2,0.69,16,0,0,0,0
11,5,3,0.83,2,1,1,0,0
12,4,5,0.51,9,0,0,0,0
11,3,1,0.56,8,0,1,0,1
17,3,4,0.44,6,0,0,0,0
23,2,4,0.32,14,0,0,0,0
21,2,5,0.49,8,0,0,1,0
18,4,2,1.0,7,0,0,1,1
8,0,3,0.51,17,0,1,0,0
19,2,4,0.31,10,0,0,1,0
19,5,4,0.38,8,1,0,1,0
19,2,4,0.35,3,0,0,1,0
19,1,5,0.82,21,0,0,1,0
18,3,5,0.6,14,0,0,1,0
18,4,3,0.35,3,0,0,1,0
21,6,1,0.97,9,1,0,1,0
18,2,1,0.67,11,0,0,1,1
18,5,4,0.59,10,1,0,1,0
15,3,2,0.48,20,0,0,0,0
16,4,3,0.66,3,0,0,0,0
11,2,3,0.41,2,0,1,0,1
15,0,4,0.85,21,0,0,0,0
9,0,2,0.46,7,0,1,0,0
18,4,1,0.95,21,0,0,1,0
15,0,4,0.48,4,0,0,0,0
20,0,4,0.38,18,0,0,1,0
15,6,2,0.77,15,1,0,0,0
13,4,3,0.4,6,0,0,0,0
8,4,2,0.71,15,0,1,0,1
7,4,2,0.38,20,0,1,0,0
14,0,4,0.33,20,0,0,0,0
11,4,2,0.53,20,0,1,0,0
14,4,5,0.36,12,0,0,0,0
14,6,2,0.59,8,1,0,0,0
16,1,3,0.64,16,0,0,0,0
9,1,1,0.67,22,0,1,0,1
18,5,4,1.0,9,1,0,1,0
23,3,5,0.98,15,0,0,0,0
11,2,3,0.51,23,0,1,0,0
23,1,1,0.58,22,0,0,0,0
15,6,1,0.54,0,1,0,0,0
9,0,3,0.73,13,0,1,0,1
19,5,4,0.31,12,1,0,1,0
20,3,2,0.33,19,0,0,1,0
15,6,3,0.73,12,1,0,0,0
12,4,4,0.87,5,0,0,0,0
11,0,4,0.85,11,0,1,0,1
21,0,5,0.71,14,0,0,1,0
6,2,5,0.49,17,0,1,0,0
15,5,1,0.32,4,1,0,0,0
6,4,2,0.99,5,0,1,0,1
14,4,4,0.68,18,0,0,0,0
12,4,1,0.92,20,0,0,0,0
16,2,2,0.35,1,0,0,0,0
20,3,5,0.85,24,0,0,1,0
7,0,3,0.42,21,0,1,0,0
11,4,4,0.62,15,0,1,0,0
7,6,3,0.41,12,1,1,0,0
15,5,2,0.45,5,1,0,0,0
10,2,1,0.87,8,0,1,0,1
20,5,3,0.55,5,1,0,1,0
9,3,5,0.57,23,0,1,0,0
17,3,1,0.64,14,0,0,0,0
6,3,3,0.9,22,0,1,0,1
18,6,3,0.74,10,1,0,1,0
14,4,5,0.57,1,0,0,0,0
8,1,3,0.84,15,0,1,0,1
10,2,2,0.96,10,0,1,0,1
23,2,1,0.5,2,0,0,0,0
18,3,1,0.76,3,0,0,1,0
16,4,2,0.34,22,0,0,0,0
7,3,1,0.9,24,0,1,0,0
11,2,5,0.4,14,0,1,0,0
15,3,3,0.38,15,0,0,0,0
8,6,4,0.8,19,1,1,0,0
17,6,3,0.36,12,1,0,0,0
9,4,4,0.52,22,0,1,0,0
9,5,3,0.49,20,1,1,0,0
14,4,2,0.47,6,0,0,0,0
10,4,4,0.97,24,0,1,0,1
7,4,4,0.44,21,0,1,0,0
12,2,4,0.83,0,0,0,0,0
19,2,3,0.48,9,0,0,1,0
18,0,1,0.9,20,0,0,1,0
14,0,5,0.33,18,0,0,0,0
16,0,2,0.7,3,0,0,0,0
13,6,4,0.39,5,1,0,0,0
8,4,3,0.76,6,0,1,0,1
19,0,1,0.99,20,0,0,1,1
11,1,1,0.72,8,0,1,0,1
21,3,2,0.33,12,0,0,1,0
6,4,3,0.87,20,0,1,0,1
17,2,4,0.98,20,0,0,0,0
13,4,4,0.42,21,0,0,0,0
14,0,1,0.76,12,0,0,0,1
17,2,3,0.82,21,0,0,0,0
9,3,1,0.5,4,0,1,0,0
19,5,1,0.38,10,1,0,1,0
9,1,5,0.56,8,0,1,0,1
22,1,2,0.32,13,0,0,1,0
12,5,1,0.42,3,1,0,0,0
14,5,3,0.99,3,1,0,0,0
15,1,3,0.35,5,0,0,0,0
10,0,3,0.95,13,0,1,0,0
15,1,4,0.35,2,0,0,0,0
14,1,2,0.73,13,0,0,0,0
18,6,3,0.96,4,1,0,1,0
6,6,2,0.38,23,1,1,0,0
9,0,4,0.41,17,0,1,0,0
15,5,4,0.77,23,1,0,0,0
21,0,4,0.4,15,0,0,1,0
15,6,2,0.97,14,1,0,0,0
8,4,5,0.39,13,0,1,0,0
13,0,1,0.36,19,0,0,0,0
21,6,4,0.91,2,1,0,1,0
17,0,4,0.85,21,0,0,0,0
18,2,5,0.45,24,0,0,1,0
11,0,4,0.83,4,0,1,0,1
23,5,3,0.71,23,1,0,0,0
22,4,5,0.44,19,0,0,1,0
11,4,3,0.77,3,0,1,0,0
20,6,5,0.36,7,1,0,1,0
19,6,3,0.93,13,1,0,1,0
7,5,1,0.71,19,1,1,0,0
8,5,2,0.64,0,1,1,0,1
19,1,5,0.38,23,0,0,1,0
7,2,4,0.6,10,0,1,0,0
16,0,1,0.55,19,0,0,0,0
15,6,2,1.0,5,1,0,0,0
18,6,1,0.63,3,1,0,1,0
19,1,4,0.69,17,0,0,1,0
16,3,4,0.75,8,0,0,0,0
18,1,4,0.59,19,0,0,1,0
19,4,5,0.92,9,0,0,1,0
10,3,2,0.85,10,0,1,0,1
12,6,1,0.85,2,1,0,0,0
19,6,5,1.0,12,1,0,1,0
18,4,4,0.67,20,0,0,1,0
10,5,5,0.7,18,1,1,0,0
9,6,5,0.62,2,1,1,0,0
23,6,4,0.58,12,1,0,0,0
22,6,2,0.42,6,1,0,1,0
6,0,5,0.48,1,0,1,0,0
7,4,3,0.67,23,0,1,0,0
7,1,2,0.71,19,0,1,0,0
8,4,3,0.62,8,0,1,0,0
19,2,5,0.39,10,0,0,1,0
8,5,2,0.58,19,1,1,0,0
8,0,3,0.56,10,0,1,0,1
6,5,3,0.88,19,1,1,0,1
18,3,5,0.52,15,0,0,1,0
15,0,4,0.4,1,0,0,0,0
15,1,1,0.51,11,0,0,0,0
20,6,1,0.46,5,1,0,1,0
22,5,2,0.58,4,1,0,1,0
11,3,3,0.32,14,0,1,0,0
23,6,3,0.81,24,1,0,0,0
16,1,4,0.72,4,0,0,0,0
6,2,4,0.74,15,0,1,0,1
17,3,5,0.66,14,0,0,0,0
6,1,5,0.36,6,0,1,0,0
12,0,4,0.78,1,0,0,0,0
7,1,2,0.84,22,0,1,0,1
21,1,4,0.73,17,0,0,1,0
11,5,2,0.84,7,1,1,0,0
18,4,2,0.52,4,0,0,1,0
19,4,3,0.77,2,0,0,1,1
15,4,2,0.78,23,0,0,0,0
8,3,2,0.85,14,0,1,0,1
10,2,2,0.48,11,0,1,0,1
8,0,1,0.62,1,0,1,0,1
13,0,2,0.36,2,0,0,0,0
18,3,3,0.45,8,0,0,1,0
8,4,1,0.49,8,0,1,0,0
22,0,1,0.34,12,0,0,1,0
19,3,5,0.31,10,0,0,1,0
15,1,2,0.92,17,0,0,0,0
12,1,2,0.94,21,0,0,0,0
8,3,3,0.48,11,0,1,0,1
11,4,3,0.7,20,0,1,0,1
12,6,5,0.77,21,1,0,0,0
16,3,2,0.63,10,0,0,0,0
12,6,5,0.37,19,1,0,0,0
13,3,3,0.86,1,0,0,0,0
20,3,5,1.0,5,0,0,1,0
8,0,2,0.67,1,0,1,0,1
12,3,2,0.82,19,0,0,0,1
20,5,5,0.56,2,1,0,1,0
8,0,2,0.67,24,0,1,0,1
23,6,4,0.55,24,1,0,0,0
19,2,4,0.94,5,0,0,1,0
10,5,2,0.54,22,1,1,0,0
23,0,3,0.51,6,0,0,0,0
22,6,4,0.58,1,1,0,1,0
8,3,5,0.43,23,0,1,0,0
16,5,4,0.91,13,1,0,0,0
7,1,1,0.94,9,0,1,0,1
23,6,1,0.89,2,1,0,0,0
6,1,2,0.89,7,0,1,0,1
20,6,4,0.55,11,1,0,1,0
7,6,3,0.86,8,1,1,0,0
10,2,1,0.97,17,0,1,0,1
6,0,5,0.59,2,0,1,0,1
16,4,5,0.99,5,0,0,0,0
9,3,1,0.57,7,0,1,0,0
19,2,4,0.46,15,0,0,1,0
6,0,4,0.89,14,0,1,0,0
12,4,4,0.66,8,0,0,0,0
19,0,3,0.57,8,0,0,1,0
23,0,1,0.91,1,0,0,0,0
16,6,4,1.0,21,1,0,0,0
19,5,2,0.79,21,1,0,1,0
21,4,4,0.67,14,0,0,1,0
14,6,5,0.52,5,1,0,0,0
22,5,2,0.69,5,1,0,1,0
19,1,1,0.58,14,0,0,1,0
15,1,1,0.94,18,0,0,0,0
20,6,5,0.45,23,1,0,1,0
14,0,1,0.63,23,0,0,0,0
14,6,1,0.77,21,1,0,0,0
9,6,1,0.47,14,1,1,0,0
22,2,3,0.38,10,0,0,1,0
7,6,3,0.35,22,1,1,0,0
14,2,4,0.56,19,0,0,0,0
8,4,2,0.4,16,0,1,0,1
7,5,4,0.34,2,1,1,0,0
7,1,4,0.56,22,0,1,0,0
23,1,3,0.62,10,0,0,0,0
17,4,3,0.76,22,0,0,0,0
14,5,3,0.73,19,1,0,0,0
7,4,3,0.63,1,0,1,0,1
18,4,4,0.95,1,0,0,1,0
16,6,2,0.7,16,1,0,0,0
6,2,3,0.55,2,0,1,0,1
13,6,1,0.45,11,1,0,0,0
7,0,1,0.83,6,0,1,0,1
11,6,4,0.67,19,1,1,0,0
6,1,2,0.32,8,0,1,0,0
13,0,1,0.7,18,0,0,0,0
12,1,5,0.92,20,0,0,0,0
6,1,4,1.0,6,0,1,0,1
20,4,3,0.4,3,0,0,1,0
16,3,5,0.79,11,0,0,0,0
10,3,4,0.43,4,0,1,0,0
6,0,3,0.52,0,0,1,0,0
20,4,4,0.73,4,0,0,1,0
15,4,5,0.66,3,0,0,0,0
21,0,1,0.89,2,0,0,1,0
16,6,1,0.48,23,1,0,0,0
7,6,1,0.78,13,1,1,0,0
14,5,4,0.58,1,1,0,0,0
18,6,3,0.45,11,1,0,1,0
10,2,1,0.42,22,0,1,0,1
6,1,2,0.98,18,0,1,0,1
16,0,3,0.99,9,0,0,0,1
21,4,2,0.8,22,0,0,1,0
17,2,2,0.69,0,0,0,0,1
8,1,4,0.47,24,0,1,0,0
22,4,3,0.31,19,0,0,1,0
8,1,5,0.6,18,0,1,0,0
23,1,3,0.98,24,0,0,0,0
7,6,5,0.68,17,1,1,0,0
11,3,1,0.31,12,0,1,0,0
6,6,2,0.61,6,1,1,0,0
16,2,5,0.38,11,0,0,0,0
12,0,3,0.62,14,0,0,0,0
17,5,5,0.37,0,1,0,0,0
14,4,3,0.93,20,0,0,0,0
14,6,2,0.5,4,1,0,0,0
12,4,1,0.79,3,0,0,0,1
14,4,3,0.73,13,0,0,0,0
17,2,2,0.68,9,0,0,0,0
9,5,5,0.95,21,1,1,0,0
15,5,3,0.82,0,1,0,0,0
10,6,3,0.42,17,1,1,0,0
14,3,3,0.93,11,0,0,0,1
11,6,5,0.41,17,1,1,0,0
10,4,5,0.65,20,0,1,0,0
19,3,1,0.37,1,0,0,1,0
9,4,5,0.95,20,0,1,0,1
19,6,2,0.78,9,1,0,1,0
22,6,5,0.63,23,1,0,1,0
21,5,2,0.65,1,1,0,1,0
20,5,1,0.33,15,1,0,1,0
19,6,3,0.41,9,1,0,1,0
15,4,4,0.74,18,0,0,0,0
6,5,5,0.8,21,1,1,0,0
8,2,2,0.6,7,0,1,0,1
16,6,3,0.91,16,1,0,0,0
14,6,5,0.31,4,1,0,0,0
14,4,1,0.52,24,0,0,0,0
9,2,3,0.84,4,0,1,0,1
10,1,2,0.48,18,0,1,0,0
23,2,5,0.98,11,0,0,0,0
10,6,3,0.74,20,1,1,0,0
14,5,3,0.76,22,1,0,0,0
16,2,1,0.96,5,0,0,0,1
17,4,1,0.71,23,0,0,0,0
6,6,3,0.53,6,1,1,0,0
22,1,2,0.34,24,0,0,1,0
7,6,1,0.63,1,1,1,0,0
16,3,3,0.93,20,0,0,0,0
13,6,2,0.62,21,1,0,0,0
16,1,1,0.83,1,0,0,0,0
9,4,3,0.95,24,0,1,0,1
19,1,3,0.92,24,0,0,1,0
18,3,2,0.94,9,0,0,1,1
20,2,5,0.99,17,0,0,1,0
15,0,2,0.6,11,0,0,0,0
15,3,1,0.68,12,0,0,0,0
20,6,4,0.7,12,1,0,1,0
9,6,1,0.79,22,1,1,0,0
17,2,5,0.71,1,0,0,0,0
14,4,3,0.57,13,0,0,0,0
14,5,5,0.64,13,1,0,0,0
21,3,4,0.47,10,0,0,1,0
23,1,4,0.47,16,0,0,0,0
12,0,5,0.93,20,0,0,0,0
11,4,5,0.96,22,0,1,0,1
9,2,2,0.69,3,0,1,0,1
15,3,3,0.72,0,0,0,0,0
10,1,4,0.35,24,0,1,0,0
14,5,3,0.9,12,1,0,0,0
20,0,3,0.58,4,0,0,1,0
13,1,3,0.77,8,0,0,0,0
23,1,3,0.42,13,0,0,0,0
14,4,5,0.51,19,0,0,0,0
20,2,5,0.82,1,0,0,1,0
21,0,1,0.81,5,0,0,1,0
6,4,3,0.96,1,0,1,0,1
11,6,5,0.89,11,1,1,0,1
6,1,2,0.68,3,0,1,0,1
16,2,5,0.68,5,0,0,0,0
12,1,1,0.48,15,0,0,0,0
13,3,1,0.38,19,0,0,0,0
18,5,3,0.68,22,1,0,1,0
23,2,1,0.78,17,0,0,0,0
8,4,3,0.73,6,0,1,0,1
10,3,1,0.61,22,0,1,0,0
8,1,1,0.42,19,0,1,0,1
9,0,1,0.39,23,0,1,0,0
17,3,1,0.89,23,0,0,0,0
8,6,1,0.38,18,1,1,0,0
22,5,1,0.59,6,1,0,1,0
8,6,4,0.63,14,1,1,0,0
7,4,1,0.42,11,0,1,0,0
22,2,1,0.41,15,0,0,1,0
7,1,4,0.52,12,0,1,0,0
8,4,5,0.85,3,0,1,0,1
7,6,5,0.89,6,1,1,0,0
14,5,3,0.89,11,1,0,0,0
14,2,2,0.61,11,0,0,0,0
20,5,5,0.4,1,1,0,1,0
8,3,2,0.87,18,0,1,0,1
18,4,2,0.84,1,0,0,1,0
16,0,3,0.38,2,0,0,0,0
13,2,5,0.52,22,0,0,0,0
14,0,2,0.5,4,0,0,0,0
18,4,5,0.65,23,0,0,1,0
16,0,3,0.53,9,0,0,0,0
8,2,3,0.86,3,0,1,0,1
23,5,3,0.64,17,1,0,0,0
19,1,2,0.44,16,0,0,1,0
9,0,5,0.85,17,0,1,0,1
12,0,4,0.59,10,0,0,0,0
16,3,3,0.43,5,0,0,0,0
23,6,4,0.63,15,1,0,0,0
23,4,3,0.63,0,0,0,0,0
19,5,4,0.96,10,1,0,1,0
22,2,5,0.47,17,0,0,1,0
20,6,4,0.79,4,1,0,1,0
10,1,2,0.41,18,0,1,0,0
12,3,3,0.95,4,0,0,0,1
19,0,3,0.38,18,0,0,1,0
11,6,5,0.96,21,1,1,0,0
18,6,5,0.97,7,1,0,1,0
14,1,4,0.96,6,0,0,0,0
14,3,3,0.99,0,0,0,0,0
20,2,3,0.99,21,0,0,1,0
8,6,1,0.48,19,1,1,0,0
20,4,4,0.31,24,0,0,1,0
23,3,3,0.78,22,0,0,0,0
22,1,1,0.87,12,0,0,1,1
18,6,2,0.85,0,1,0,1,0
15,3,4,0.5,7,0,0,0,0
12,3,3,0.54,2,0,0,0,0
18,3,2,0.9,5,0,0,1,1
21,2,3,0.48,17,0,0,1,0
17,0,1,0.37,0,0,0,0,0
15,1,3,0.86,20,0,0,0,0
13,1,2,0.7,1,0,0,0,0
19,5,1,0.32,15,1,0,1,0
15,0,1,0.62,14,0,0,0,0
14,0,3,0.85,24,0,0,0,0
20,1,4,0.87,21,0,0,1,0
7,6,2,0.53,5,1,1,0,0
7,0,2,0.31,2,0,1,0,1
13,5,1,0.76,10,1,0,0,0
11,4,3,0.9,3,0,1,0,1
9,2,3,0.34,1,0,1,0,0
22,1,4,0.83,23,0,0,1,0
9,3,3,0.81,16,0,1,0,0
21,6,3,0.82,3,1,0,1,0
18,4,1,0.34,21,0,0,1,0
21,6,5,0.65,2,1,0,1,0
14,2,3,0.79,16,0,0,0,0
21,1,4,0.77,0,0,0,1,0
11,4,2,0.46,6,0,1,0,0
13,2,3,0.74,7,0,0,0,0
20,1,4,0.87,20,0,0,1,0
21,5,3,0.69,4,1,0,1,0
17,0,3,0.92,5,0,0,0,1
13,1,3,0.8,8,0,0,0,0
8,4,3,0.45,10,0,1,0,0
17,2,3,0.95,18,0,0,0,0
6,6,1,0.96,1,1,1,0,1
12,1,2,0.52,4,0,0,0,0
10,5,4,0.35,0,1,1,0,0
19,1,1,0.64,23,0,0,1,0
13,1,1,0.75,24,0,0,0,0
10,0,4,0.8,3,0,1,0,1
18,0,3,0.44,6,0,0,1,0
21,4,4,0.91,21,0,0,1,0
17,3,5,0.82,5,0,0,0,0
14,3,1,0.97,7,0,0,0,1
12,2,3,0.77,19,0,0,0,0
9,0,3,0.71,18,0,1,0,0
10,3,2,0.56,5,0,1,0,1
22,2,5,0.45,12,0,0,1,0
14,4,3,0.67,18,0,0,0,0
21,2,5,0.56,7,0,0,1,0
17,5,4,0.83,16,1,0,0,0
18,3,2,0.74,22,0,0,1,0
17,4,1,0.39,16,0,0,0,0
7,5,1,0.79,0,1,1,0,0
23,3,5,0.34,5,0,0,0,0
9,2,5,0.32,9,0,1,0,0
11,6,5,0.38,13,1,1,0,0
17,6,5,0.8,1,1,0,0,0
22,1,4,0.72,18,0,0,1,0
23,5,5,0.4,2,1,0,0,0
9,1,2,0.82,19,0,1,0,1
14,1,2,0.56,15,0,0,0,0
7,0,4,0.52,8,0,1,0,0
19,3,3,0.77,4,0,0,1,0
11,5,5,1.0,11,1,1,0,0
8,5,1,0.61,0,1,1,0,1
10,2,2,0.41,16,0,1,0,0
17,2,3,0.8,21,0,0,0,0
17,3,1,0.38,11,0,0,0,0
16,2,1,0.78,3,0,0,0,0
21,4,3,0.68,20,0,0,1,0
16,3,5,0.77,24,0,0,0,0
15,0,3,0.43,9,0,0,0,0
9,6,2,0.83,22,1,1,0,1
14,0,3,0.47,5,0,0,0,0
22,3,3,0.96,16,0,0,1,0
8,3,1,0.4,2,0,1,0,0
9,3,1,0.49,19,0,1,0,1
7,0,4,0.75,12,0,1,0,0
21,3,2,0.63,12,0,0,1,0
10,1,4,0.61,11,0,1,0,0
12,3,3,0.96,4,0,0,0,0
19,0,4,0.66,24,0,0,1,0
16,6,3,0.43,12,1,0,0,0
13,2,2,0.75,8,0,0,0,0
23,2,3,0.92,5,0,0,0,0
19,5,2,0.51,21,1,0,1,0
19,4,5,0.9,22,0,0,1,0
6,0,4,0.42,18,0,1,0,0
14,5,4,0.6,17,1,0,0,0
19,3,2,0.56,9,0,0,1,0
20,6,2,0.68,15,1,0,1,0
13,3,3,0.46,9,0,0,0,0
12,6,2,0.95,15,1,0,0,0
23,5,1,0.86,18,1,0,0,0
7,1,2,0.33,15,0,1,0,0
12,0,4,0.89,4,0,0,0,0
21,4,3,0.98,9,0,0,1,0
20,1,1,0.65,3,0,0,1,0
22,1,3,0.33,14,0,0,1,0
22,5,4,0.73,3,1,0,1,0
9,3,2,0.42,6,0,1,0,0
8,4,5,0.32,5,0,1,0,0
16,0,5,0.33,12,0,0,0,0
10,1,4,0.35,6,0,1,0,0
10,0,5,0.72,17,0,1,0,1
21,4,2,0.79,0,0,0,1,0
11,0,1,0.81,21,0,1,0,1
19,1,1,0.73,0,0,0,1,0
13,1,5,0.99,13,0,0,0,0
18,5,5,0.92,13,1,0,1,0
13,5,2,0.55,5,1,0,0,0
8,1,3,0.88,7,0,1,0,1
12,1,2,0.67,14,0,0,0,0
18,4,1,0.53,6,0,0,1,0
7,2,1,0.75,6,0,1,0,1
14,1,1,0.56,7,0,0,0,0
7,5,5,0.84,5,1,1,0,0
21,6,3,0.96,11,1,0,1,0
12,6,3,0.76,10,1,0,0,0
16,5,4,0.47,6,1,0,0,0
19,2,5,0.43,19,0,0,1,0
11,1,2,0.58,23,0,1,0,0
18,0,5,0.74,8,0,0,1,0
23,2,5,0.57,14,0,0,0,0
10,6,4,0.92,23,1,1,0,0
16,0,3,0.87,12,0,0,0,0
19,6,5,0.35,22,1,0,1,0
8,5,2,0.79,24,1,1,0,0
13,0,5,0.47,15,0,0,0,0
6,3,4,0.89,5,0,1,0,1
16,0,3,0.5,9,0,0,0,0
11,4,2,0.7,14,0,1,0,0
22,5,5,0.61,20,1,0,1,0
16,6,2,0.34,8,1,0,0,0
18,5,5,0.49,22,1,0,1,0
23,4,4,0.4,1,0,0,0,0
11,2,1,0.46,1,0,1,0,1
19,5,2,0.92,0,1,0,1,0
11,5,4,0.87,22,1,1,0,0
23,6,4,0.64,8,1,0,0,0
17,6,2,0.52,17,1,0,0,0
14,1,5,0.59,5,0,0,0,0
10,0,2,0.4,2,0,1,0,0
19,4,2,0.32,22,0,0,1,0
20,4,1,0.66,21,0,0,1,0
8,6,4,0.72,3,1,1,0,0
14,2,2,0.98,8,0,0,0,0
17,3,1,0.33,7,0,0,0,0
19,3,3,0.94,1,0,0,1,1
13,1,2,0.58,18,0,0,0,0
9,3,3,0.39,6,0,1,0,0
21,1,2,0.96,17,0,0,1,1
12,6,3,0.4,16,1,0,0,0
8,3,3,0.76,24,0,1,0,0
8,0,1,0.49,16,0,1,0,1
22,3,1,0.65,1,0,0,1,0
10,1,5,0.87,17,0,1,0,1
21,2,3,0.98,3,0,0,1,1
7,4,4,0.34,18,0,1,0,0
14,1,3,0.91,7,0,0,0,0
13,4,4,0.38,15,0,0,0,0
12,0,5,0.82,14,0,0,0,0
22,3,4,0.61,12,0,0,1,0
10,1,3,0.87,15,0,1,0,0
15,2,3,0.7,12,0,0,0,0
9,4,3,0.44,15,0,1,0,1
20,5,4,0.78,7,1,0,1,0
19,3,3,0.79,20,0,0,1,0
17,2,3,0.91,22,0,0,0,0
22,5,2,0.68,11,1,0,1,0
11,0,2,0.62,9,0,1,0,1
9,0,4,0.82,21,0,1,0,1
13,5,3,0.66,15,1,0,0,0
23,5,2,0.73,21,1,0,0,0
10,1,4,0.55,19,0,1,0,0
22,2,2,0.51,3,0,0,1,0
16,5,2,0.62,6,1,0,0,0
12,6,3,0.82,9,1,0,0,0
21,2,2,0.98,23,0,0,1,1
18,2,5,0.61,0,0,0,1,0
13,4,1,0.81,13,0,0,0,0
18,6,2,0.72,12,1,0,1,0
9,0,3,0.65,19,0,1,0,0
15,3,4,0.84,23,0,0,0,0
22,1,1,0.6,8,0,0,1,0
13,4,4,0.94,1,0,0,0,0
16,6,2,0.73,1,1,0,0,0
7,2,5,0.43,11,0,1,0,0
13,4,2,0.53,1,0,0,0,0
14,6,3,0.37,20,1,0,0,0
8,1,2,0.7,7,0,1,0,1
10,2,5,0.66,8,0,1,0,0
16,3,5,0.96,23,0,0,0,0
14,2,5,0.61,1,0,0,0,0
7,4,3,0.85,12,0,1,0,1
11,1,1,0.31,22,0,1,0,0
18,3,1,0.98,12,0,0,1,1
22,1,5,0.91,9,0,0,1,0
9,6,2,0.95,24,1,1,0,0
9,1,3,1.0,18,0,1,0,1
9,4,4,0.32,6,0,1,0,1
19,1,4,0.32,23,0,0,1,0
13,1,5,0.91,15,0,0,0,0
7,1,3,0.96,4,0,1,0,1
15,3,3,0.79,10,0,0,0,0
6,1,2,0.81,18,0,1,0,1
14,3,3,0.36,22,0,0,0,0
10,0,2,0.51,16,0,1,0,0
14,3,3,0.68,14,0,0,0,0
9,1,5,0.7,5,0,1,0,1
13,3,3,0.91,22,0,0,0,0
19,1,5,0.87,8,0,0,1,0
13,6,3,0.4,5,1,0,0,0
20,4,5,0.59,4,0,0,1,0
21,5,2,0.71,6,1,0,1,0
9,5,2,0.77,10,1,1,0,1
9,6,1,0.47,20,1,1,0,0
20,4,4,0.59,20,0,0,1,0
8,1,2,0.75,11,0,1,0,1
15,5,3,0.61,10,1,0,0,0
7,5,3,0.66,21,1,1,0,0
17,4,4,0.63,8,0,0,0,0
17,3,2,0.81,17,0,0,0,0
21,5,5,0.97,14,1,0,1,0
7,4,4,0.31,14,0,1,0,0
16,0,5,0.58,18,0,0,0,0
21,4,3,0.32,11,0,0,1,0
15,3,5,0.31,12,0,0,0,0
21,3,3,0.37,24,0,0,1,0
7,5,5,0.42,23,1,1,0,0
15,1,5,0.83,4,0,0,0,0
9,4,3,0.57,11,0,1,0,0
12,3,4,0.81,18,0,0,0,0
10,2,5,0.54,23,0,1,0,0
21,4,3,0.58,11,0,0,1,0
15,1,5,0.32,12,0,0,0,0
20,0,2,0.82,9,0,0,1,0
23,1,4,0.33,15,0,0,0,0
9,2,2,0.99,17,0,1,0,1
11,4,2,0.75,16,0,1,0,1
11,0,4,0.94,17,0,1,0,0
19,4,5,0.72,18,0,0,1,0
8,1,5,0.33,17,0,1,0,0
10,0,3,0.53,4,0,1,0,1
6,4,1,0.92,20,0,1,0,1
15,0,5,0.67,21,0,0,0,0
23,2,1,0.57,6,0,0,0,0
22,0,2,0.89,13,0,0,1,0
10,6,3,0.85,20,1,1,0,0
16,5,4,0.39,19,1,0,0,0
8,2,2,0.48,8,0,1,0,1
13,1,2,0.5,20,0,0,0,0
22,5,1,0.32,7,1,0,1,0
10,6,3,0.64,20,1,1,0,0
17,6,4,0.36,1,1,0,0,0
10,0,1,0.68,12,0,1,0,1
10,0,3,1.0,3,0,1,0,1
9,5,5,0.89,16,1,1,0,0
22,6,4,0.32,4,1,0,1,0
12,4,2,0.42,7,0,0,0,0
19,4,5,0.71,23,0,0,1,0
14,0,4,0.55,20,0,0,0,0
12,6,5,0.73,17,1,0,0,0
6,3,1,0.4,16,0,1,0,1
7,3,1,0.61,17,0,1,0,0
7,4,2,0.33,15,0,1,0,1
7,0,1,0.55,3,0,1,0,0
10,0,4,0.55,8,0,1,0,0
9,1,5,0.83,12,0,1,0,1
11,4,4,0.76,0,0,1,0,0
21,4,5,0.42,7,0,0,1,0
23,5,1,0.92,10,1,0,0,0
20,5,3,0.51,15,1,0,1,0
9,5,3,0.6,18,1,1,0,0
17,0,2,0.34,22,0,0,0,0
21,3,1,0.35,12,0,0,1,0
14,5,4,0.3,19,1,0,0,0
20,5,1,0.79,10,1,0,1,0
19,3,1,0.59,15,0,0,1,0
20,1,2,0.97,1,0,0,1,1
8,2,2,0.8,0,0,1,0,1
21,4,5,0.87,7,0,0,1,0
22,1,3,0.55,20,0,0,1,0
14,0,5,0.78,16,0,0,0,0
10,2,4,0.9,7,0,1,0,1
17,3,1,0.5,15,0,0,0,0
15,0,5,0.83,10,0,0,0,0
9,3,3,0.9,6,0,1,0,1
7,1,1,0.39,14,0,1,0,1
12,6,4,0.82,14,1,0,0,0
21,6,4,0.64,14,1,0,1,0
15,0,2,0.9,10,0,0,0,1
7,0,3,0.94,15,0,1,0,1
6,6,2,0.75,19,1,1,0,0
20,2,2,1.0,13,0,0,1,0
7,1,5,0.97,16,0,1,0,0
11,3,5,0.39,15,0,1,0,0
12,4,3,0.78,16,0,0,0,0
20,4,3,0.74,0,0,0,1,0
15,2,5,0.63,0,0,0,0,0
14,0,5,0.67,10,0,0,0,0
13,6,5,0.59,15,1,0,0,0
19,2,2,0.48,14,0,0,1,0
18,2,3,0.42,21,0,0,1,0
9,1,4,0.53,7,0,1,0,1
16,4,5,0.57,6,0,0,0,0
11,4,5,0.92,18,0,1,0,1
14,4,4,0.76,21,0,0,0,0
9,6,3,0.59,9,1,1,0,0
20,1,1,0.78,3,0,0,1,0
23,1,2,0.44,17,0,0,0,0
22,4,3,0.43,18,0,0,1,0
10,3,3,0.43,0,0,1,0,0
23,5,3,0.64,22,1,0,0,0
13,5,2,0.31,3,1,0,0,0
12,2,1,0.72,21,0,0,0,0
17,4,3,0.57,18,0,0,0,0
14,6,3,0.94,3,1,0,0,0
13,2,3,0.87,17,0,0,0,0
14,0,2,0.81,14,0,0,0,0
22,1,3,0.43,8,0,0,1,0
18,6,4,0.57,19,1,0,1,0
6,3,5,0.37,1,0,1,0,0
6,4,1,0.85,0,0,1,0,1
14,5,1,0.89,12,1,0,0,0
20,2,4,0.56,5,0,0,1,0
22,6,2,0.68,13,1,0,1,0
9,1,2,0.94,14,0,1,0,1
6,4,5,0.53,19,0,1,0,0
20,2,5,0.49,9,0,0,1,0
13,2,5,0.78,14,0,0,0,0
14,1,1,0.86,23,0,0,0,0
13,1,5,0.86,14,0,0,0,0
22,2,1,0.53,3,0,0,1,0
11,4,2,0.57,11,0,1,0,1
13,2,5,0.74,16,0,0,0,0
16,4,5,0.38,9,0,0,0,0
11,5,1,0.51,5,1,1,0,0
22,6,5,0.68,22,1,0,1,0
8,6,2,0.55,14,1,1,0,0
6,5,3,0.39,6,1,1,0,0
11,1,2,0.58,5,0,1,0,0
22,5,1,0.68,14,1,0,1,0
22,0,1,0.91,21,0,0,1,0
23,3,3,0.8,24,0,0,0,0
19,1,1,0.69,6,0,0,1,0
19,2,5,0.95,2,0,0,1,0
22,6,1,0.86,22,1,0,1,0
21,3,5,0.59,8,0,0,1,0
14,2,4,0.44,19,0,0,0,0
14,4,1,0.75,3,0,0,0,0
14,6,3,0.85,13,1,0,0,0
9,0,1,0.48,0,0,1,0,1
8,5,2,0.76,24,1,1,0,0
14,0,1,0.59,17,0,0,0,0
20,4,2,0.83,18,0,0,1,0
18,5,5,0.74,7,1,0,1,0
16,0,3,0.3,20,0,0,0,0
19,5,2,0.85,16,1,0,1,0
22,2,1,0.4,22,0,0,1,0
14,5,4,0.93,10,1,0,0,0
22,5,1,0.88,7,1,0,1,0
21,2,2,0.94,18,0,0,1,0
18,4,1,0.82,18,0,0,1,0
13,0,5,0.78,14,0,0,0,0
16,6,1,0.5,0,1,0,0,0
19,5,1,0.59,6,1,0,1,0
22,6,5,0.35,0,1,0,1,0
21,3,4,0.48,19,0,0,1,0
22,5,4,0.37,20,1,0,1,0
18,1,4,0.66,13,0,0,1,0
18,2,5,0.98,9,0,0,1,1
12,3,5,0.42,7,0,0,0,0
6,0,5,0.75,14,0,1,0,0
16,2,5,0.84,11,0,0,0,0
16,6,4,0.42,17,1,0,0,0
18,2,3,0.5,14,0,0,1,0
15,6,3,0.31,12,1,0,0,0
17,0,3,0.39,23,0,0,0,0
9,5,3,0.6,5,1,1,0,0
19,3,3,0.83,21,0,0,1,0
15,1,5,0.78,17,0,0,0,0
10,3,2,0.8,21,0,1,0,0
8,1,4,0.67,19,0,1,0,0
18,2,4,0.59,22,0,0,1,0
18,1,2,0.31,0,0,0,1,0
21,5,5,0.34,10,1,0,1,0
14,5,2,0.74,0,1,0,0,0
18,0,1,0.82,22,0,0,1,0
14,3,2,0.47,7,0,0,0,0
11,2,1,0.51,13,0,1,0,0
22,4,3,0.5,16,0,0,1,0
15,2,1,0.89,21,0,0,0,0
21,4,3,0.85,24,0,0,1,1
19,2,4,0.67,9,0,0,1,0
9,1,4,0.64,3,0,1,0,0
8,0,4,0.76,0,0,1,0,0
18,0,1,0.65,22,0,0,1,0
12,2,2,0.72,16,0,0,0,0
22,2,1,0.33,14,0,0,1,0
6,4,1,0.71,23,0,1,0,1
6,6,3,0.52,10,1,1,0,0
15,5,5,0.54,12,1,0,0,0
6,6,1,0.32,2,1,1,0,0
16,4,1,0.61,1,0,0,0,0
10,0,3,0.34,2,0,1,0,1
15,1,2,0.61,11,0,0,0,0
10,6,5,0.78,11,1,1,0,0
20,0,3,0.68,2,0,0,1,0
13,2,4,0.8,8,0,0,0,0
14,4,4,0.64,17,0,0,0,0
15,6,3,0.85,22,1,0,0,0
9,4,5,0.48,7,0,1,0,0
7,4,1,0.82,2,0,1,0,1
17,2,1,0.94,6,0,0,0,0
13,0,1,0.75,24,0,0,0,0
16,2,3,0.35,4,0,0,0,0
20,1,4,0.33,13,0,0,1,0
19,5,2,0.97,18,1,0,1,0
20,2,5,0.41,12,0,0,1,0
17,4,3,0.98,4,0,0,0,1
17,0,4,0.33,13,0,0,0,0
21,0,5,0.46,9,0,0,1,0
21,2,4,0.41,15,0,0,1,0
8,0,1,0.64,17,0,1,0,0
11,3,1,0.78,23,0,1,0,1
15,3,1,0.74,11,0,0,0,0
18,5,3,0.48,24,1,0,1,0
15,0,2,0.85,12,0,0,0,1
19,3,2,0.62,16,0,0,1,0
11,4,4,0.35,9,0,1,0,0
6,1,3,0.62,21,0,1,0,0
11,5,2,0.81,11,1,1,0,0
21,2,5,0.97,14,0,0,1,0
11,2,1,0.59,7,0,1,0,1
15,5,1,0.95,20,1,0,0,0
6,6,1,0.89,22,1,1,0,0
19,4,4,0.63,5,0,0,1,0
23,6,2,0.56,6,1,0,0,0
9,0,5,0.69,9,0,1,0,0
21,6,4,0.37,22,1,0,1,0
15,4,3,0.35,16,0,0,0,0
10,4,2,0.31,19,0,1,0,0
20,6,5,0.59,5,1,0,1,0
23,5,1,0.8,9,1,0,0,0
14,5,4,0.39,24,1,0,0,0
6,2,2,0.76,23,0,1,0,1
10,6,3,0.65,17,1,1,0,0
16,2,2,0.63,23,0,0,0,0
7,6,4,1.0,10,1,1,0,1
12,3,4,0.48,9,0,0,0,0
8,1,4,0.86,8,0,1,0,0
9,2,4,0.76,22,0,1,0,1
23,4,5,0.85,9,0,0,0,0
9,0,5,0.73,3,0,1,0,1
9,1,2,0.44,0,0,1,0,1
21,0,1,0.69,2,0,0,1,0
7,1,2,0.31,10,0,1,0,0
8,4,3,0.48,12,0,1,0,1
15,0,5,0.46,10,0,0,0,0
9,2,4,0.76,23,0,1,0,0
6,2,4,0.89,8,0,1,0,1
14,3,3,0.75,10,0,0,0,0
8,2,4,0.72,23,0,1,0,1
19,0,5,0.59,21,0,0,1,0
23,4,1,0.38,0,0,0,0,0
7,6,2,0.69,9,1,1,0,1
9,3,4,0.76,20,0,1,0,0
